x,y,z,intensity,volume,csv_path
22.803,9.024,4.181,56620971,437.896,Q6.13/R_3Rxaf07hES8CPgE_nuclei1.csv
5.669,9.164,5.376,63811635,482.954,Q6.13/R_3Rxaf07hES8CPgE_nuclei1.csv
24.999,8.223,13.036,57406958,441.048,Q6.13/R_3Rxaf07hES8CPgE_nuclei1.csv
13.722,23.521,8.778,78224458,522.32,Q6.13/R_3Rxaf07hES8CPgE_nuclei1.csv
22.547,26.006,9.65,69841365,473.768,Q6.13/R_3Rxaf07hES8CPgE_nuclei1.csv
22.8831,9.07639,4.27593,,,Q6.13/R_2cC2iQifrFmuClP_nuclei1.csv
5.65736,9.18127,5.51989,,,Q6.13/R_2cC2iQifrFmuClP_nuclei1.csv
14.0088,23.7534,8.8713,,,Q6.13/R_2cC2iQifrFmuClP_nuclei1.csv
22.2915,26.1261,9.75919,,,Q6.13/R_2cC2iQifrFmuClP_nuclei1.csv
25.031,8.25037,13.1874,,,Q6.13/R_2cC2iQifrFmuClP_nuclei1.csv
22.3265,25.9982,9.7284,68856900,456.441,Q6.13/R_1M6DoAmYEY3Jrvm_nuclei1.csv
13.9651,23.6146,8.86311,78190300,513.482,Q6.13/R_1M6DoAmYEY3Jrvm_nuclei1.csv
25.028,8.27525,13.1853,51912000,373.29,Q6.13/R_1M6DoAmYEY3Jrvm_nuclei1.csv
22.8094,9.10343,4.22221,51207500,371.63,Q6.13/R_1M6DoAmYEY3Jrvm_nuclei1.csv
5.71527,9.21261,5.49646,58875200,422.359,Q6.13/R_1M6DoAmYEY3Jrvm_nuclei1.csv
8.9534260073,22.7924754594,4.1993006623,66364404,578.6293310375,Q6.13/R_31bjqd6Mm8wBxN5_nuclei1.csv
9.0173656312,5.7160218812,5.4155826836,75119277,643.6228168512,Q6.13/R_31bjqd6Mm8wBxN5_nuclei1.csv
23.5307307536,13.6204186465,8.7645454545,89603018,656.8937380382,Q6.13/R_31bjqd6Mm8wBxN5_nuclei1.csv
25.8767646011,22.6091722855,9.6751069124,80082276,599.9995300662,Q6.13/R_31bjqd6Mm8wBxN5_nuclei1.csv
8.2214437815,24.8829249637,13.1769579076,68017040,599.171821884,Q6.13/R_31bjqd6Mm8wBxN5_nuclei1.csv
181.2153476,72.60056843,20.74475295,875.8175324,450.1108736,Q6.13/R_0638fJAPpmzLtu1_nuclei1.csv
45.1578057,73.52977284,26.93040116,1006.613323,509.007104,Q6.13/R_0638fJAPpmzLtu1_nuclei1.csv
109.9666385,188.5501898,44.00518768,1262.302851,583.303936,Q6.13/R_0638fJAPpmzLtu1_nuclei1.csv
176.3940108,205.6208312,47.8100227,1204.966495,563.5734528,Q6.13/R_0638fJAPpmzLtu1_nuclei1.csv
198.9290093,65.92036125,65.29173508,883.8697489,449.471232,Q6.13/R_0638fJAPpmzLtu1_nuclei1.csv
22.677,9.112,4.119,52269428,383.955,Q6.13/R_2cCJjlMU7i9XjMQ_nuclei1.csv
5.65,9.157,5.407,62644253,465.521,Q6.13/R_2cCJjlMU7i9XjMQ_nuclei1.csv
13.717,23.529,8.746,77677792,509.972,Q6.13/R_2cCJjlMU7i9XjMQ_nuclei1.csv
22.363,25.921,9.615,69609972,462.22,Q6.13/R_2cCJjlMU7i9XjMQ_nuclei1.csv
24.989,8.205,13.092,51977654,375.32,Q6.13/R_2cCJjlMU7i9XjMQ_nuclei1.csv
22.767,9.077,4.2,50052520,367.199,Q6.13/R_2c14tLfUPR1Vnua_nuclei1.csv
5.74,9.267,5.886,61707944,456.858,Q6.13/R_2c14tLfUPR1Vnua_nuclei1.csv
13.714,23.522,9,74277425,478.21,Q6.13/R_2c14tLfUPR1Vnua_nuclei1.csv
24.998,8.244,13.5,52750006,389.458,Q6.13/R_2c14tLfUPR1Vnua_nuclei1.csv
22.709,26.051,9.9,64870767,420.5,Q6.13/R_2c14tLfUPR1Vnua_nuclei1.csv
22.28,25.99,9.73,61463100,383.77,Q6.13/R_22s3aTqiX7gbY4u_nuclei1.csv
13.97,23.68,8.85,70276000,435.15,Q6.13/R_22s3aTqiX7gbY4u_nuclei1.csv
25,8.27,13.22,43406700,293.11,Q6.13/R_22s3aTqiX7gbY4u_nuclei1.csv
22.81,9.14,4.23,42852000,292.94,Q6.13/R_22s3aTqiX7gbY4u_nuclei1.csv
5.72,9.21,5.52,49834500,337.15,Q6.13/R_22s3aTqiX7gbY4u_nuclei1.csv
,,,,,Q6.13/R_22s3aTqiX7gbY4u_nuclei1.csv
,,,,,Q6.13/R_22s3aTqiX7gbY4u_nuclei1.csv
,,,,,Q6.13/R_22s3aTqiX7gbY4u_nuclei1.csv
,,,,,Q6.13/R_22s3aTqiX7gbY4u_nuclei1.csv
,,,,,Q6.13/R_22s3aTqiX7gbY4u_nuclei1.csv
22.62728342,25.99516369,9.897014618,,,Q6.13/R_1GUZ4XruXifzoPp_nuclei1.csv
13.72776077,23.25226048,8.791287231,,,Q6.13/R_1GUZ4XruXifzoPp_nuclei1.csv
22.72750932,8.93588463,4.101882935,,,Q6.13/R_1GUZ4XruXifzoPp_nuclei1.csv
5.61611672,9.109564618,5.290794373,,,Q6.13/R_1GUZ4XruXifzoPp_nuclei1.csv
24.94619033,8.273745557,13.03850098,,,Q6.13/R_1GUZ4XruXifzoPp_nuclei1.csv
22.6,26,9.78,61000000,384,Q6.13/R_tY87q7yGKRqww5X_nuclei1.csv
13.7,23.6,8.81,68400000,425,Q6.13/R_tY87q7yGKRqww5X_nuclei1.csv
25,8.2,13.4,48900000,345,Q6.13/R_tY87q7yGKRqww5X_nuclei1.csv
22.8,9.09,4.11,47500000,337,Q6.13/R_tY87q7yGKRqww5X_nuclei1.csv
5.72,9.19,5.53,57200000,406,Q6.13/R_tY87q7yGKRqww5X_nuclei1.csv
5.8885953125,3.47025625,2.168359375,77266368,503.840768,Q6.13/R_3lAJ9xY4kGlL99f_nuclei1.csv
6.4816463415,5.671325784,2.3599303136,66895296,451.8821888,Q6.13/R_3lAJ9xY4kGlL99f_nuclei1.csv
2.2582899702,5.6904548163,0.9972194638,52790272,396.3809792,Q6.13/R_3lAJ9xY4kGlL99f_nuclei1.csv
2.0610163447,6.2722258544,3.2195146112,53213376,397.3650432,Q6.13/R_3lAJ9xY4kGlL99f_nuclei1.csv
2.259090679,1.4442783636,1.3305778153,62189248,466.6431488,Q6.13/R_3lAJ9xY4kGlL99f_nuclei1.csv
22.74,8.963,4.239,163853.06,403.416,Q6.13/R_1lxxm7Riv8MvNVz_nuclei1.csv
5.666,9.15,5.422,186784.96,465.669,Q6.13/R_1lxxm7Riv8MvNVz_nuclei1.csv
13.849,23.528,9.221,225605.2,495.816,Q6.13/R_1lxxm7Riv8MvNVz_nuclei1.csv
22.499,25.977,9.458,202013.75,442.29,Q6.13/R_1lxxm7Riv8MvNVz_nuclei1.csv
24.935,8.212,13.028,167000.93,416.748,Q6.13/R_1lxxm7Riv8MvNVz_nuclei1.csv
22.74843234,9.048272875,4.227867783,32249376,231.9605642,Q6.13/R_2DNRFrAvCDUX1EL_nuclei1.csv
5.643742077,9.093543983,5.639438628,35082661,247.8924101,Q6.13/R_2DNRFrAvCDUX1EL_nuclei1.csv
13.70650672,23.5945398,8.891189712,41536824,256.0131451,Q6.13/R_2DNRFrAvCDUX1EL_nuclei1.csv
24.94604753,8.204528184,13.3740266,32237371,227.1016118,Q6.13/R_2DNRFrAvCDUX1EL_nuclei1.csv
22.44343774,25.98084901,9.814196281,39638831,251.0714219,Q6.13/R_2DNRFrAvCDUX1EL_nuclei1.csv
25.02,8.28,13.2,47725300,331.95,Q6.13/R_3j9w1bGwWGd8yOC_nuclei1.csv
22.3,26,9.73,65296600,420.55,Q6.13/R_3j9w1bGwWGd8yOC_nuclei1.csv
13.97,23.65,8.86,74503400,475.69,Q6.13/R_3j9w1bGwWGd8yOC_nuclei1.csv
5.72,9.21,5.51,54361500,377.79,Q6.13/R_3j9w1bGwWGd8yOC_nuclei1.csv
22.81,9.12,4.23,47040300,330.54,Q6.13/R_3j9w1bGwWGd8yOC_nuclei1.csv
22.62492747,9.060865916,3.0036,62964196,620.4866921,Q6.13/R_cHLBH1bftzVtPDH_nuclei1.csv
5.549232532,9.194081172,4.3568,66798329,1259.412879,Q6.13/R_cHLBH1bftzVtPDH_nuclei1.csv
14.12911214,23.65239346,8.912,85255388,1099.380138,Q6.13/R_cHLBH1bftzVtPDH_nuclei1.csv
22.45271332,25.94032834,9.7356,68951233,1384.733999,Q6.13/R_cHLBH1bftzVtPDH_nuclei1.csv
22.09020936,10.62168816,16.897,73901727,845.9604782,Q6.13/R_cHLBH1bftzVtPDH_nuclei1.csv
22.81591789,9.052204699,4.115412335,74386588,729.3790112,Q6.13/R_eRvCx60GZHVIflf_nuclei1.csv
25.04586622,8.211047078,13.14907067,78727710,811.4345728,Q6.13/R_eRvCx60GZHVIflf_nuclei1.csv
13.88085118,23.65529047,8.726430361,107144797,927.2004768,Q6.13/R_eRvCx60GZHVIflf_nuclei1.csv
22.55834002,26.19193521,9.699803631,90747684,803.4206016,Q6.13/R_eRvCx60GZHVIflf_nuclei1.csv
5.635891387,9.116656273,5.420593685,88914216,920.930144,Q6.13/R_eRvCx60GZHVIflf_nuclei1.csv
22.0790336039,8.7939503895,4.0674186717,84514986.8790283,316.84896,Q6.13/R_3kpixa7Fm6wlFk2_nuclei1.csv
5.5474130761,8.9329645092,5.4163791238,100024232.515808,359.40384,Q6.13/R_3kpixa7Fm6wlFk2_nuclei1.csv
13.3280267559,22.8157583848,8.768239758,116691894.410095,396.97632,Q6.13/R_3kpixa7Fm6wlFk2_nuclei1.csv
21.9152312406,25.2202773611,9.6427228623,103759192.435303,360.93312,Q6.13/R_3kpixa7Fm6wlFk2_nuclei1.csv
24.2689430776,7.9868914959,13.1506185238,86996121.3058472,315.4608,Q6.13/R_3kpixa7Fm6wlFk2_nuclei1.csv
22.2611,25.9919,9.7358,55470500,336.519,Q6.13/R_1F9A4K8LNlJoksJ_nuclei1.csv
13.9667,23.7724,8.81665,63136000,379.062,Q6.13/R_1F9A4K8LNlJoksJ_nuclei1.csv
24.9838,8.29564,13.255,35817000,232.904,Q6.13/R_1F9A4K8LNlJoksJ_nuclei1.csv
22.8325,9.18128,4.21785,35663400,236.048,Q6.13/R_1F9A4K8LNlJoksJ_nuclei1.csv
5.72708,9.19712,5.53783,42344500,277.373,Q6.13/R_1F9A4K8LNlJoksJ_nuclei1.csv
22.65093854,9.338579091,4.190962822,51700539.89,390.228,Q6.13/R_3kaX79RV1ul5JuI_nuclei1.csv
5.621335245,9.260220824,5.318323929,55667824.95,402.1692,Q6.13/R_3kaX79RV1ul5JuI_nuclei1.csv
13.96797708,23.4486942,8.621842178,74597971.15,492.3172,Q6.13/R_3kaX79RV1ul5JuI_nuclei1.csv
22.14576061,25.72722842,9.627447757,60184788.91,392.2244,Q6.13/R_3kaX79RV1ul5JuI_nuclei1.csv
24.41523122,8.199711753,13.05665312,46378646.77,338.5572,Q6.13/R_3kaX79RV1ul5JuI_nuclei1.csv
22.5448,26.0862,13.8478,63702700,434.871,Q6.13/R_2rCMx6wAGE7bFJh_nuclei1.csv
13.8216,23.6515,12.9592,72280400,488.077,Q6.13/R_2rCMx6wAGE7bFJh_nuclei1.csv
25.0794,8.24665,17.4003,50018000,383.46,Q6.13/R_2rCMx6wAGE7bFJh_nuclei1.csv
22.8572,9.08115,8.23998,47974900,366.289,Q6.13/R_2rCMx6wAGE7bFJh_nuclei1.csv
5.7013,9.19746,9.60508,57871400,446.54,Q6.13/R_2rCMx6wAGE7bFJh_nuclei1.csv
22.4569,26.0565,9.74595,69200000,458.639,Q6.13/R_1qdHCwPCdNvs9xi_nuclei1.csv
13.8399,23.6453,8.86094,78600000,515.773,Q6.13/R_1qdHCwPCdNvs9xi_nuclei1.csv
25.0462,8.23245,13.286,54000000,396.762,Q6.13/R_1qdHCwPCdNvs9xi_nuclei1.csv
22.8369,9.06123,4.16027,51500000,375.367,Q6.13/R_1qdHCwPCdNvs9xi_nuclei1.csv
5.67714,9.18297,5.5062,62300000,460.418,Q6.13/R_1qdHCwPCdNvs9xi_nuclei1.csv
23.7032007587,9.4391423665,4.1332462006,,,Q6.13/R_6E6PxT3N1gr93yh_nuclei.csv
5.884071909,9.5314826572,5.410421161,,,Q6.13/R_6E6PxT3N1gr93yh_nuclei.csv
14.3559996789,24.59224343,8.7716268753,,,Q6.13/R_6E6PxT3N1gr93yh_nuclei.csv
23.1369798346,26.9461416132,9.5966662873,,,Q6.13/R_6E6PxT3N1gr93yh_nuclei.csv
25.9989124225,8.5674577969,13.0922556032,,,Q6.13/R_6E6PxT3N1gr93yh_nuclei.csv
17.7064390279,17.103368611,4.7348731378,,,Q6.13/R_6E6PxT3N1gr93yh_nuclei.csv
8.7135535901,13.876909874,6.6411048006,,,Q6.13/R_6E6PxT3N1gr93yh_nuclei.csv
7.9629579739,4.7373894369,6.8366081126,,,Q6.13/R_6E6PxT3N1gr93yh_nuclei.csv
23.8098671183,21.1930797417,8.7662990631,,,Q6.13/R_6E6PxT3N1gr93yh_nuclei.csv
16.1296177021,13.644295903,11.050751997,,,Q6.13/R_6E6PxT3N1gr93yh_nuclei.csv
12.7739972719,7.9954643045,4.582482406,,,Q6.13/R_6E6PxT3N1gr93yh_nuclei.csv
24.9371799274,16.1921041172,6.2805584302,,,Q6.13/R_6E6PxT3N1gr93yh_nuclei.csv
6.2990061759,15.4050100241,8.0737433431,,,Q6.13/R_6E6PxT3N1gr93yh_nuclei.csv
19.2304766913,24.2257148899,11.5574062749,,,Q6.13/R_6E6PxT3N1gr93yh_nuclei.csv
25.3006459904,9.5514581905,11.4378962972,,,Q6.13/R_6E6PxT3N1gr93yh_nuclei.csv
19.7538567636,14.0811156377,5.3909201837,,,Q6.13/R_6E6PxT3N1gr93yh_nuclei.csv
6.223294881,9.9806587104,7.5827866078,,,Q6.13/R_6E6PxT3N1gr93yh_nuclei.csv
12.5897093666,18.9671812369,8.5464955469,,,Q6.13/R_6E6PxT3N1gr93yh_nuclei.csv
6.8735529604,15.9270599101,13.3789578516,,,Q6.13/R_6E6PxT3N1gr93yh_nuclei.csv
21.2081769884,14.6805315912,13.4034277246,,,Q6.13/R_6E6PxT3N1gr93yh_nuclei.csv
22.952678,9.1543,4.179935,115242176,211.659866,Q6.13/R_1pKaIHOwOnQX5Ms_nuclei1.csv
5.769694,9.217487,5.625505,139420256,248.233219,Q6.13/R_1pKaIHOwOnQX5Ms_nuclei1.csv
13.724718,23.871044,8.94391,155951232,262.901923,Q6.13/R_1pKaIHOwOnQX5Ms_nuclei1.csv
22.732774,26.216222,9.855808,140425856,246.849379,Q6.13/R_1pKaIHOwOnQX5Ms_nuclei1.csv
25.136309,8.37354,13.343671,118243920,212.161123,Q6.13/R_1pKaIHOwOnQX5Ms_nuclei1.csv
5.760266865,9.27288112,5.465039328,81510192,782.7183552,Q6.13/R_2ydugxPVoGtDEo4_nuclei1.csv
22.89570839,9.173235599,4.190662885,73369439,716.6046304,Q6.13/R_2ydugxPVoGtDEo4_nuclei1.csv
13.8396114,23.62527891,8.950250972,97622536,787.266576,Q6.13/R_2ydugxPVoGtDEo4_nuclei1.csv
22.82801995,26.18243188,9.887129012,84528897,691.1142976,Q6.13/R_2ydugxPVoGtDEo4_nuclei1.csv
25.12036238,8.387366294,14.1642507,77733734,867.6277024,Q6.13/R_2ydugxPVoGtDEo4_nuclei1.csv
22.32,26.05,9.74,58877200,362.32,Q6.13/R_1ePOgKBqC8pSpzT_nuclei1.csv
13.97,23.75,8.84,67640704,412.08,Q6.13/R_1ePOgKBqC8pSpzT_nuclei1.csv
25,8.24,13.28,41358700,276.16,Q6.13/R_1ePOgKBqC8pSpzT_nuclei1.csv
22.86,9.11,4.2,39139700,261.74,Q6.13/R_1ePOgKBqC8pSpzT_nuclei1.csv
5.68,9.19,5.52,48307200,323.89,Q6.13/R_1ePOgKBqC8pSpzT_nuclei1.csv
183.74,73.03,20.48,,,Q6.13/R_3RxOa8kaiyul4bG_nuclei1.csv
45.59,73.74,26.76,,,Q6.13/R_3RxOa8kaiyul4bG_nuclei1.csv
201.58,66.31,65.48,,,Q6.13/R_3RxOa8kaiyul4bG_nuclei1.csv
111.51,190.38,43.68,,,Q6.13/R_3RxOa8kaiyul4bG_nuclei1.csv
180.88,209.51,48.43,,,Q6.13/R_3RxOa8kaiyul4bG_nuclei1.csv
22.9686,20.4279,8.73217,78771100,476.357,Q7.13/R_1M6DoAmYEY3Jrvm_nuclei2.csv
16.7573,16.5793,4.50371,48681600,312.972,Q7.13/R_1M6DoAmYEY3Jrvm_nuclei2.csv
15.5073,13.0133,11.2941,63340500,389.018,Q7.13/R_1M6DoAmYEY3Jrvm_nuclei2.csv
8.03104,13.3621,6.72303,87104700,480.187,Q7.13/R_1M6DoAmYEY3Jrvm_nuclei2.csv
7.58637,4.27134,6.89272,49284800,353.716,Q7.13/R_1M6DoAmYEY3Jrvm_nuclei2.csv
16.4078267681,16.9939062562,4.4739461682,67434176,465.1474736794,Q7.13/R_31bjqd6Mm8wBxN5_nuclei2.csv
13.3832053978,7.9102428248,6.576770401,96763636,569.4724260743,Q7.13/R_31bjqd6Mm8wBxN5_nuclei2.csv
4.121508023,7.5635680443,6.7539942227,60440706,476.50546929,Q7.13/R_31bjqd6Mm8wBxN5_nuclei2.csv
20.7460048726,23.2799368628,8.8111932742,84454038,560.0794709999,Q7.13/R_31bjqd6Mm8wBxN5_nuclei2.csv
12.8104136369,15.5015891784,11.3207536706,71024489,464.3504213558,Q7.13/R_31bjqd6Mm8wBxN5_nuclei2.csv
139.3530261,131.1500715,23.04193648,950.0153512,438.8064384,Q7.13/R_0638fJAPpmzLtu1_nuclei2.csv
76.11712151,106.3952137,34.63809829,2054.55839,882.5331968,Q7.13/R_0638fJAPpmzLtu1_nuclei2.csv
61.43248764,35.10395614,33.47774672,902.95105,457.6881664,Q7.13/R_0638fJAPpmzLtu1_nuclei2.csv
182.4234424,161.7338404,43.69743697,1358.985556,590.315392,Q7.13/R_0638fJAPpmzLtu1_nuclei2.csv
123.8826133,103.5884577,58.7948004,930.7146105,419.6786944,Q7.13/R_0638fJAPpmzLtu1_nuclei2.csv
17.021,16.63,4.4,45074196,283.554,Q7.13/R_2c14tLfUPR1Vnua_nuclei2.csv
23.166,20.663,9.1,70555961,419.072,Q7.13/R_2c14tLfUPR1Vnua_nuclei2.csv
7.95,13.63,6.8,82006800,443.56,Q7.13/R_2c14tLfUPR1Vnua_nuclei2.csv
7.633,4.208,7.2,46828660,332.959,Q7.13/R_2c14tLfUPR1Vnua_nuclei2.csv
15.573,12.896,11.6,56881588,346.577,Q7.13/R_2c14tLfUPR1Vnua_nuclei2.csv
59.67,35.79,33.5,,,Q7.13/R_3RxOa8kaiyul4bG_nuclei2.csv
66.26,107.76,32.15,,,Q7.13/R_3RxOa8kaiyul4bG_nuclei2.csv
137.12,132.57,22.5,,,Q7.13/R_3RxOa8kaiyul4bG_nuclei2.csv
184.97,164.39,44.28,,,Q7.13/R_3RxOa8kaiyul4bG_nuclei2.csv
124.95,105.12,56.8,,,Q7.13/R_3RxOa8kaiyul4bG_nuclei2.csv
,,,,,Q7.13/R_3RxOa8kaiyul4bG_nuclei2.csv
,,,,,Q7.13/R_3RxOa8kaiyul4bG_nuclei2.csv
,,,,,Q7.13/R_3RxOa8kaiyul4bG_nuclei2.csv
,,,,,Q7.13/R_3RxOa8kaiyul4bG_nuclei2.csv
,,,,,Q7.13/R_3RxOa8kaiyul4bG_nuclei2.csv
,,,,,Q7.13/R_3RxOa8kaiyul4bG_nuclei2.csv
,,,,,Q7.13/R_3RxOa8kaiyul4bG_nuclei2.csv
,,,,,Q7.13/R_3RxOa8kaiyul4bG_nuclei2.csv
,,,,,Q7.13/R_3RxOa8kaiyul4bG_nuclei2.csv
,,,,,Q7.13/R_3RxOa8kaiyul4bG_nuclei2.csv
,,,,,Q7.13/R_3RxOa8kaiyul4bG_nuclei2.csv
,,,,,Q7.13/R_3RxOa8kaiyul4bG_nuclei2.csv
,,,,,Q7.13/R_3RxOa8kaiyul4bG_nuclei2.csv
,,,,,Q7.13/R_3RxOa8kaiyul4bG_nuclei2.csv
,,,,,Q7.13/R_3RxOa8kaiyul4bG_nuclei2.csv
,,,,,Q7.13/R_3RxOa8kaiyul4bG_nuclei2.csv
17.1570132,16.69679849,4.290352631,,,Q7.13/R_1GUZ4XruXifzoPp_nuclei2.csv
7.889494654,13.32458834,6.770176697,,,Q7.13/R_1GUZ4XruXifzoPp_nuclei2.csv
15.77764425,12.72748728,11.40348587,,,Q7.13/R_1GUZ4XruXifzoPp_nuclei2.csv
7.489368447,4.075140265,6.984951019,,,Q7.13/R_1GUZ4XruXifzoPp_nuclei2.csv
22.97626994,20.52726244,8.899942017,,,Q7.13/R_1GUZ4XruXifzoPp_nuclei2.csv
23.2,20.7,8.82,69400000,405,Q7.13/R_tY87q7yGKRqww5X_nuclei2.csv
16.9,16.6,4.29,41600000,260,Q7.13/R_tY87q7yGKRqww5X_nuclei2.csv
15.6,12.8,11.6,52900000,318,Q7.13/R_tY87q7yGKRqww5X_nuclei2.csv
7.85,13.5,6.69,77700000,412,Q7.13/R_tY87q7yGKRqww5X_nuclei2.csv
7.58,4.21,6.92,44000000,311,Q7.13/R_tY87q7yGKRqww5X_nuclei2.csv
,,,,,Q7.13/R_tY87q7yGKRqww5X_nuclei2.csv
,,,,,Q7.13/R_tY87q7yGKRqww5X_nuclei2.csv
,,,,,Q7.13/R_tY87q7yGKRqww5X_nuclei2.csv
,,,,,Q7.13/R_tY87q7yGKRqww5X_nuclei2.csv
,,,,,Q7.13/R_tY87q7yGKRqww5X_nuclei2.csv
,,,,,Q7.13/R_tY87q7yGKRqww5X_nuclei2.csv
3.2227795276,3.8212992126,2.8315944882,63753792,399.9236096,Q7.13/R_3lAJ9xY4kGlL99f_nuclei2.csv
3.411,2.0109,1.6112096774,86984512,488.095744,Q7.13/R_3lAJ9xY4kGlL99f_nuclei2.csv
4.1182350814,4.2185786618,1.0540687161,62467008,435.3499136,Q7.13/R_3lAJ9xY4kGlL99f_nuclei2.csv
1.0760540793,1.924630303,1.6854079254,56118400,422.163456,Q7.13/R_3lAJ9xY4kGlL99f_nuclei2.csv
5.0913439636,5.7273876993,2.1364920273,71678464,432.004096,Q7.13/R_3lAJ9xY4kGlL99f_nuclei2.csv
17.017,16.444,4.353,181471.6,395.896,Q7.13/R_1lxxm7Riv8MvNVz_nuclei2.csv
7.577,4.378,6.221,160794.72,425.402,Q7.13/R_1lxxm7Riv8MvNVz_nuclei2.csv
8.06,13.522,6.369,256547.54,464.899,Q7.13/R_1lxxm7Riv8MvNVz_nuclei2.csv
23.064,20.522,8.678,226399.79,453.888,Q7.13/R_1lxxm7Riv8MvNVz_nuclei2.csv
15.409,12.974,11.583,202042.33,427.582,Q7.13/R_1lxxm7Riv8MvNVz_nuclei2.csv
16.96459861,16.40964208,4.535740772,25227863,162.6997995,Q7.13/R_2DNRFrAvCDUX1EL_nuclei2.csv
7.534079601,4.172606813,7.05904588,24756054,177.8039374,Q7.13/R_2DNRFrAvCDUX1EL_nuclei2.csv
15.50031781,12.90696431,11.54253496,33572199,198.947278,Q7.13/R_2DNRFrAvCDUX1EL_nuclei2.csv
23.10487325,20.56135564,9.031211907,36204265,205.9919926,Q7.13/R_2DNRFrAvCDUX1EL_nuclei2.csv
7.910629147,13.23796615,6.785289037,43422029,221.7215099,Q7.13/R_2DNRFrAvCDUX1EL_nuclei2.csv
22.68,20.2,8.73,73547600,429.97,Q7.13/R_3j9w1bGwWGd8yOC_nuclei2.csv
16.62,16.43,4.91,48092500,306.59,Q7.13/R_3j9w1bGwWGd8yOC_nuclei2.csv
15.49,13.17,10.99,63595200,390.02,Q7.13/R_3j9w1bGwWGd8yOC_nuclei2.csv
7.66,4.68,6.97,36983200,246.67,Q7.13/R_3j9w1bGwWGd8yOC_nuclei2.csv
8.31,13.21,6.77,88197904,487.39,Q7.13/R_3j9w1bGwWGd8yOC_nuclei2.csv
15.8326827,17.9930974,5.106,81365806,762.4294146,Q7.13/R_cHLBH1bftzVtPDH_nuclei2.csv
8.720523222,13.2451373,7.2162,146344860,1279.078607,Q7.13/R_cHLBH1bftzVtPDH_nuclei2.csv
7.033047442,4.990372248,6.8694,93396882,1005.741841,Q7.13/R_cHLBH1bftzVtPDH_nuclei2.csv
23.52883508,20.51366375,8.3358,119118913,1186.835151,Q7.13/R_cHLBH1bftzVtPDH_nuclei2.csv
17.2791082,12.74768479,10.5148,92768516,876.0491962,Q7.13/R_cHLBH1bftzVtPDH_nuclei2.csv
7.463796913,4.337934762,6.81003679,71060008,640.8470784,Q7.13/R_eRvCx60GZHVIflf_nuclei2.csv
8.304195139,13.23204498,6.826783083,128815132,917.4736192,Q7.13/R_eRvCx60GZHVIflf_nuclei2.csv
22.80577538,20.34539603,8.556103514,117144266,962.9404512,Q7.13/R_eRvCx60GZHVIflf_nuclei2.csv
16.47305382,16.6904575,4.65252403,60687739,442.9149056,Q7.13/R_eRvCx60GZHVIflf_nuclei2.csv
16.02983883,12.73377431,10.96902291,80387028,594.2547232,Q7.13/R_eRvCx60GZHVIflf_nuclei2.csv
16.5166159566,16.0554153758,4.527206814,83910645.9688721,311.41728,Q7.13/R_3kpixa7Fm6wlFk2_nuclei2.csv
7.762064828,13.0796861883,6.5821660623,133076836.729431,393.1632,Q7.13/R_3kpixa7Fm6wlFk2_nuclei2.csv
7.405012493,4.0235857126,6.7219494411,87081952.8602905,323.89344,Q7.13/R_3kpixa7Fm6wlFk2_nuclei2.csv
22.5151732074,20.0292806965,8.7218494766,116223327.166321,357.90624,Q7.13/R_3kpixa7Fm6wlFk2_nuclei2.csv
15.0076302216,12.4873250999,11.2830530331,92760809.2895508,317.1456,Q7.13/R_3kpixa7Fm6wlFk2_nuclei2.csv
16.871834,16.31515777,4.503465479,61884713,417.57,Q7.13/R_3kaX79RV1ul5JuI_nuclei2.csv
8.314718938,13.28474607,6.591228319,92137143.27,524.7432,Q7.13/R_3kaX79RV1ul5JuI_nuclei2.csv
7.62942222,4.570277234,6.852483037,43128813.72,297.8852,Q7.13/R_3kaX79RV1ul5JuI_nuclei2.csv
22.71850789,20.23171328,8.85598168,74537871.09,449.4256,Q7.13/R_3kaX79RV1ul5JuI_nuclei2.csv
15.41128285,13.09629479,11.30138044,68327319.07,440.1504,Q7.13/R_3kaX79RV1ul5JuI_nuclei2.csv
25.9249,23.0655,18.4357,80910400,677.728,Q7.13/R_2rCMx6wAGE7bFJh_nuclei2.csv
18.9864,18.6557,14.3759,53712500,472.186,Q7.13/R_2rCMx6wAGE7bFJh_nuclei2.csv
17.5552,14.7624,20.8806,66664600,560.96,Q7.13/R_2rCMx6wAGE7bFJh_nuclei2.csv
9.19324,15.03,16.4618,91540200,700.315,Q7.13/R_2rCMx6wAGE7bFJh_nuclei2.csv
8.59331,4.91339,16.5951,50467300,499.043,Q7.13/R_2rCMx6wAGE7bFJh_nuclei2.csv
22.9553,20.4447,8.75528,67700000,383.386,Q7.13/R_1qdHCwPCdNvs9xi_nuclei2.csv
16.6096,16.5285,4.8488,35100000,205.443,Q7.13/R_1qdHCwPCdNvs9xi_nuclei2.csv
15.5367,13.0797,11.175,52200000,302.315,Q7.13/R_1qdHCwPCdNvs9xi_nuclei2.csv
8.10027,13.2894,6.75326,77600000,404.699,Q7.13/R_1qdHCwPCdNvs9xi_nuclei2.csv
7.46699,4.56251,6.94867,32700000,212.56,Q7.13/R_1qdHCwPCdNvs9xi_nuclei2.csv
23.7032007587,9.4391423665,4.1332462006,,,Q7.13/R_6E6PxT3N1gr93yh_nuclei.csv
5.884071909,9.5314826572,5.410421161,,,Q7.13/R_6E6PxT3N1gr93yh_nuclei.csv
14.3559996789,24.59224343,8.7716268753,,,Q7.13/R_6E6PxT3N1gr93yh_nuclei.csv
23.1369798346,26.9461416132,9.5966662873,,,Q7.13/R_6E6PxT3N1gr93yh_nuclei.csv
25.9989124225,8.5674577969,13.0922556032,,,Q7.13/R_6E6PxT3N1gr93yh_nuclei.csv
17.7064390279,17.103368611,4.7348731378,,,Q7.13/R_6E6PxT3N1gr93yh_nuclei.csv
8.7135535901,13.876909874,6.6411048006,,,Q7.13/R_6E6PxT3N1gr93yh_nuclei.csv
7.9629579739,4.7373894369,6.8366081126,,,Q7.13/R_6E6PxT3N1gr93yh_nuclei.csv
23.8098671183,21.1930797417,8.7662990631,,,Q7.13/R_6E6PxT3N1gr93yh_nuclei.csv
16.1296177021,13.644295903,11.050751997,,,Q7.13/R_6E6PxT3N1gr93yh_nuclei.csv
12.7739972719,7.9954643045,4.582482406,,,Q7.13/R_6E6PxT3N1gr93yh_nuclei.csv
24.9371799274,16.1921041172,6.2805584302,,,Q7.13/R_6E6PxT3N1gr93yh_nuclei.csv
6.2990061759,15.4050100241,8.0737433431,,,Q7.13/R_6E6PxT3N1gr93yh_nuclei.csv
19.2304766913,24.2257148899,11.5574062749,,,Q7.13/R_6E6PxT3N1gr93yh_nuclei.csv
25.3006459904,9.5514581905,11.4378962972,,,Q7.13/R_6E6PxT3N1gr93yh_nuclei.csv
19.7538567636,14.0811156377,5.3909201837,,,Q7.13/R_6E6PxT3N1gr93yh_nuclei.csv
6.223294881,9.9806587104,7.5827866078,,,Q7.13/R_6E6PxT3N1gr93yh_nuclei.csv
12.5897093666,18.9671812369,8.5464955469,,,Q7.13/R_6E6PxT3N1gr93yh_nuclei.csv
6.8735529604,15.9270599101,13.3789578516,,,Q7.13/R_6E6PxT3N1gr93yh_nuclei.csv
21.2081769884,14.6805315912,13.4034277246,,,Q7.13/R_6E6PxT3N1gr93yh_nuclei.csv
17.18280139,16.47258213,4.329668864,80295869,654.6270496,Q7.13/R_2ydugxPVoGtDEo4_nuclei2.csv
8.220858377,13.58761901,6.463173926,113167915,767.2870016,Q7.13/R_2ydugxPVoGtDEo4_nuclei2.csv
7.582931062,4.317965948,6.847658528,65609812,567.5035584,Q7.13/R_2ydugxPVoGtDEo4_nuclei2.csv
23.22116237,20.66301492,9.077851316,103880818,814.9833536,Q7.13/R_2ydugxPVoGtDEo4_nuclei2.csv
15.69191029,12.89517452,12.61159,79066299,674.898768,Q7.13/R_2ydugxPVoGtDEo4_nuclei2.csv
22.96,20.42,8.87,71499696,417.89,Q7.13/R_1ePOgKBqC8pSpzT_nuclei2.csv
16.84,16.57,5.12,53001300,329.5,Q7.13/R_1ePOgKBqC8pSpzT_nuclei2.csv
15.53,13.05,11.12,60792300,366.79,Q7.13/R_1ePOgKBqC8pSpzT_nuclei2.csv
8.28,13.3,6.8,87290200,476.59,Q7.13/R_1ePOgKBqC8pSpzT_nuclei2.csv
7.62,4.63,6.95,40330200,271.01,Q7.13/R_1ePOgKBqC8pSpzT_nuclei2.csv
7.6569077021,12.282937993,4.7041964631,13489306,618.1631262855,Q8.13/R_31bjqd6Mm8wBxN5_nuclei3.csv
15.5655198526,23.9750307053,6.06419868,12750349,579.6654990581,Q8.13/R_31bjqd6Mm8wBxN5_nuclei3.csv
14.7469829925,5.9586284408,8.1399151691,11147252,549.2916743592,Q8.13/R_31bjqd6Mm8wBxN5_nuclei3.csv
8.9927645796,24.368223082,11.6093839078,11581478,539.8803257696,Q8.13/R_31bjqd6Mm8wBxN5_nuclei3.csv
23.3903943892,18.3769750988,11.6250662752,15756773,710.0203409886,Q8.13/R_31bjqd6Mm8wBxN5_nuclei3.csv
97.26067998,62.37384962,23.18088655,204.3551995,612.1616128,Q8.13/R_0638fJAPpmzLtu1_nuclei3.csv
192.1909653,100.126886,43.37438648,360.8711527,1082.667213,Q8.13/R_0638fJAPpmzLtu1_nuclei3.csv
49.18049978,116.6916803,40.0515147,158.2965896,496.1896704,Q8.13/R_0638fJAPpmzLtu1_nuclei3.csv
148.1106534,184.7116219,57.34590922,233.9649347,680.7754752,Q8.13/R_0638fJAPpmzLtu1_nuclei3.csv
12.343,7.51,4.8,10812293,455.675,Q8.13/R_2c14tLfUPR1Vnua_nuclei3.csv
5.884,14.892,8.4,8949765,408.327,Q8.13/R_2c14tLfUPR1Vnua_nuclei3.csv
24.239,15.616,6,9839620,413.48,Q8.13/R_2c14tLfUPR1Vnua_nuclei3.csv
18.475,23.526,11.9,12697948,522.48,Q8.13/R_2c14tLfUPR1Vnua_nuclei3.csv
24.447,8.946,11.865,9103467,389.296,Q8.13/R_2c14tLfUPR1Vnua_nuclei3.csv
99.14,61.2,22.7,,,Q8.13/R_3RxOa8kaiyul4bG_nuclei3.csv
48.51,119.91,41.26,,,Q8.13/R_3RxOa8kaiyul4bG_nuclei3.csv
149.07,187.99,57.99,,,Q8.13/R_3RxOa8kaiyul4bG_nuclei3.csv
193.66,125.49,30.01,,,Q8.13/R_3RxOa8kaiyul4bG_nuclei3.csv
196.87,72.87,58.78,,,Q8.13/R_3RxOa8kaiyul4bG_nuclei3.csv
,,,,,Q8.13/R_3RxOa8kaiyul4bG_nuclei3.csv
,,,,,Q8.13/R_3RxOa8kaiyul4bG_nuclei3.csv
,,,,,Q8.13/R_3RxOa8kaiyul4bG_nuclei3.csv
,,,,,Q8.13/R_3RxOa8kaiyul4bG_nuclei3.csv
,,,,,Q8.13/R_3RxOa8kaiyul4bG_nuclei3.csv
,,,,,Q8.13/R_3RxOa8kaiyul4bG_nuclei3.csv
,,,,,Q8.13/R_3RxOa8kaiyul4bG_nuclei3.csv
,,,,,Q8.13/R_3RxOa8kaiyul4bG_nuclei3.csv
18.53255099,23.42297737,11.61299896,,,Q8.13/R_1GUZ4XruXifzoPp_nuclei3.csv
23.7398789,15.65387224,6.220100403,,,Q8.13/R_1GUZ4XruXifzoPp_nuclei3.csv
24.09905538,9.091883307,11.65832825,,,Q8.13/R_1GUZ4XruXifzoPp_nuclei3.csv
12.25177038,7.87076157,4.516840363,,,Q8.13/R_1GUZ4XruXifzoPp_nuclei3.csv
5.978846656,14.64747892,8.347180176,,,Q8.13/R_1GUZ4XruXifzoPp_nuclei3.csv
18.4,23.5,11.9,9810000,374,Q8.13/R_tY87q7yGKRqww5X_nuclei3.csv
24.5,15.6,5.97,7100000,278,Q8.13/R_tY87q7yGKRqww5X_nuclei3.csv
24.5,8.85,11.8,6760000,267,Q8.13/R_tY87q7yGKRqww5X_nuclei3.csv
5.96,15,8.27,6460000,272,Q8.13/R_tY87q7yGKRqww5X_nuclei3.csv
12.4,7.48,4.66,8300000,327,Q8.13/R_tY87q7yGKRqww5X_nuclei3.csv
,,,,,Q8.13/R_tY87q7yGKRqww5X_nuclei3.csv
,,,,,Q8.13/R_tY87q7yGKRqww5X_nuclei3.csv
,,,,,Q8.13/R_tY87q7yGKRqww5X_nuclei3.csv
,,,,,Q8.13/R_tY87q7yGKRqww5X_nuclei3.csv
,,,,,Q8.13/R_tY87q7yGKRqww5X_nuclei3.csv
,,,,,Q8.13/R_tY87q7yGKRqww5X_nuclei3.csv
1.9299635439,3.1016820687,1.1954217889,10907840,464.2813952,Q8.13/R_3lAJ9xY4kGlL99f_nuclei3.csv
5.8533213213,4.6410630631,2.9252252252,12672000,524.3092992,Q8.13/R_3lAJ9xY4kGlL99f_nuclei3.csv
2.2733781877,6.0787585458,2.9309820944,8583296,362.7259904,Q8.13/R_3lAJ9xY4kGlL99f_nuclei3.csv
3.6842858388,1.5037769063,2.0206535948,9670336,451.685376,Q8.13/R_3lAJ9xY4kGlL99f_nuclei3.csv
3.9660633406,5.9237032538,1.5401301518,10546816,453.653504,Q8.13/R_3lAJ9xY4kGlL99f_nuclei3.csv
12.305,7.619,4.868,36287.73,526.26,Q8.13/R_1lxxm7Riv8MvNVz_nuclei3.csv
24.187,15.516,5.6,32567.52,467.293,Q8.13/R_1lxxm7Riv8MvNVz_nuclei3.csv
5.961,14.79,8.166,29744,472.112,Q8.13/R_1lxxm7Riv8MvNVz_nuclei3.csv
18.435,23.362,11.943,39909.38,558.642,Q8.13/R_1lxxm7Riv8MvNVz_nuclei3.csv
24.395,8.959,12.121,28674.57,418.088,Q8.13/R_1lxxm7Riv8MvNVz_nuclei3.csv
12.32132908,7.592243143,4.772739549,6841699,278.8548199,Q8.13/R_2DNRFrAvCDUX1EL_nuclei3.csv
24.18577022,15.547143,6.146232244,5291677,217.3469199,Q8.13/R_2DNRFrAvCDUX1EL_nuclei3.csv
5.880724032,14.83189158,8.40658848,4479698,196.0380377,Q8.13/R_2DNRFrAvCDUX1EL_nuclei3.csv
18.33881097,23.42311387,11.96208902,6593097,259.1369764,Q8.13/R_2DNRFrAvCDUX1EL_nuclei3.csv
24.27732273,8.957924181,11.88834284,4848692,196.2311696,Q8.13/R_2DNRFrAvCDUX1EL_nuclei3.csv
18.51,23.34,11.68,10798400,419.9,Q8.13/R_3j9w1bGwWGd8yOC_nuclei3.csv
24.34,9.26,11.51,7467870,298.75,Q8.13/R_3j9w1bGwWGd8yOC_nuclei3.csv
24.03,15.6,6.42,8768590,354.82,Q8.13/R_3j9w1bGwWGd8yOC_nuclei3.csv
6.12,14.89,8.17,6326260,264.1,Q8.13/R_3j9w1bGwWGd8yOC_nuclei3.csv
12.32,7.72,4.67,9056810,362.01,Q8.13/R_3j9w1bGwWGd8yOC_nuclei3.csv
12.50750115,7.890032574,5.2394,20976551,1233.018191,Q8.13/R_cHLBH1bftzVtPDH_nuclei3.csv
23.55669143,15.3601152,6.8922,18736935,1019.187497,Q8.13/R_cHLBH1bftzVtPDH_nuclei3.csv
6.080236466,14.88643344,7.8972,17322629,1081.952287,Q8.13/R_cHLBH1bftzVtPDH_nuclei3.csv
24.82966472,8.552147062,10.8852,14311530,801.1722795,Q8.13/R_cHLBH1bftzVtPDH_nuclei3.csv
18.49537834,23.3167554,11.1426,23079093,1296.362376,Q8.13/R_cHLBH1bftzVtPDH_nuclei3.csv
24.65347864,8.737234148,11.62003343,13503711,693.0947264,Q8.13/R_eRvCx60GZHVIflf_nuclei3.csv
12.0841845,7.475664808,4.555291961,15497222,765.3619264,Q8.13/R_eRvCx60GZHVIflf_nuclei3.csv
18.46308829,23.58384185,11.60582749,18505625,913.1283616,Q8.13/R_eRvCx60GZHVIflf_nuclei3.csv
5.864675817,14.84133879,8.082667688,13441784,723.4654016,Q8.13/R_eRvCx60GZHVIflf_nuclei3.csv
24.30266461,15.62840052,6.124286197,14539901,709.44864,Q8.13/R_eRvCx60GZHVIflf_nuclei3.csv
11.9952799415,7.3959284047,4.6979260988,15778140.4842529,409.66272,Q8.13/R_3kpixa7Fm6wlFk2_nuclei3.csv
23.29431028,15.1271284486,6.0267052209,14479706.4051056,375.49152,Q8.13/R_3kpixa7Fm6wlFk2_nuclei3.csv
5.8321398416,14.4030155961,8.1302833118,12699756.6240845,330.17472,Q8.13/R_3kpixa7Fm6wlFk2_nuclei3.csv
23.6234579413,8.7349641252,11.6090566459,13038589.3162537,309.47616,Q8.13/R_3kpixa7Fm6wlFk2_nuclei3.csv
17.8958285043,22.6697572435,11.6654306969,18084445.4754639,441.3312,Q8.13/R_3kpixa7Fm6wlFk2_nuclei3.csv
12.38651744,7.898469079,4.06717418,10211599,434.9052,Q8.13/R_3kaX79RV1ul5JuI_nuclei3.csv
23.98251345,15.43451247,5.605178099,10432044,454.9932,Q8.13/R_3kaX79RV1ul5JuI_nuclei3.csv
5.897695504,14.82011186,8.452686923,8428090.998,384.4248,Q8.13/R_3kaX79RV1ul5JuI_nuclei3.csv
18.25756078,23.19235455,12.09683825,12422740,520.8248,Q8.13/R_3kaX79RV1ul5JuI_nuclei3.csv
23.97146621,9.15807748,11.77883336,7950443.998,335.4448,Q8.13/R_3kaX79RV1ul5JuI_nuclei3.csv
27.2581,17.6688,15.968,7448370,580.678,Q8.13/R_2rCMx6wAGE7bFJh_nuclei3.csv
27.6865,10.2691,21.3429,6625430,522.021,Q8.13/R_2rCMx6wAGE7bFJh_nuclei3.csv
6.76801,16.7882,17.9282,6064090,518.261,Q8.13/R_2rCMx6wAGE7bFJh_nuclei3.csv
20.9204,26.532,21.442,9394010,711.555,Q8.13/R_2rCMx6wAGE7bFJh_nuclei3.csv
13.8733,8.59591,14.3987,7784190,603.441,Q8.13/R_2rCMx6wAGE7bFJh_nuclei3.csv
18.4967,23.4889,11.7647,13300000,552.785,Q8.13/R_1qdHCwPCdNvs9xi_nuclei3.csv
24.1518,15.6218,6.229,10500000,446.693,Q8.13/R_1qdHCwPCdNvs9xi_nuclei3.csv
24.5077,9.04907,11.6734,9470000,405.584,Q8.13/R_1qdHCwPCdNvs9xi_nuclei3.csv
5.96631,14.8645,8.23863,8880000,401.351,Q8.13/R_1qdHCwPCdNvs9xi_nuclei3.csv
12.2672,7.58013,4.67142,11100000,468.149,Q8.13/R_1qdHCwPCdNvs9xi_nuclei3.csv
23.7032007587,9.4391423665,4.1332462006,,,Q8.13/R_6E6PxT3N1gr93yh_nuclei.csv
5.884071909,9.5314826572,5.410421161,,,Q8.13/R_6E6PxT3N1gr93yh_nuclei.csv
14.3559996789,24.59224343,8.7716268753,,,Q8.13/R_6E6PxT3N1gr93yh_nuclei.csv
23.1369798346,26.9461416132,9.5966662873,,,Q8.13/R_6E6PxT3N1gr93yh_nuclei.csv
25.9989124225,8.5674577969,13.0922556032,,,Q8.13/R_6E6PxT3N1gr93yh_nuclei.csv
17.7064390279,17.103368611,4.7348731378,,,Q8.13/R_6E6PxT3N1gr93yh_nuclei.csv
8.7135535901,13.876909874,6.6411048006,,,Q8.13/R_6E6PxT3N1gr93yh_nuclei.csv
7.9629579739,4.7373894369,6.8366081126,,,Q8.13/R_6E6PxT3N1gr93yh_nuclei.csv
23.8098671183,21.1930797417,8.7662990631,,,Q8.13/R_6E6PxT3N1gr93yh_nuclei.csv
16.1296177021,13.644295903,11.050751997,,,Q8.13/R_6E6PxT3N1gr93yh_nuclei.csv
12.7739972719,7.9954643045,4.582482406,,,Q8.13/R_6E6PxT3N1gr93yh_nuclei.csv
24.9371799274,16.1921041172,6.2805584302,,,Q8.13/R_6E6PxT3N1gr93yh_nuclei.csv
6.2990061759,15.4050100241,8.0737433431,,,Q8.13/R_6E6PxT3N1gr93yh_nuclei.csv
19.2304766913,24.2257148899,11.5574062749,,,Q8.13/R_6E6PxT3N1gr93yh_nuclei.csv
25.3006459904,9.5514581905,11.4378962972,,,Q8.13/R_6E6PxT3N1gr93yh_nuclei.csv
19.7538567636,14.0811156377,5.3909201837,,,Q8.13/R_6E6PxT3N1gr93yh_nuclei.csv
6.223294881,9.9806587104,7.5827866078,,,Q8.13/R_6E6PxT3N1gr93yh_nuclei.csv
12.5897093666,18.9671812369,8.5464955469,,,Q8.13/R_6E6PxT3N1gr93yh_nuclei.csv
6.8735529604,15.9270599101,13.3789578516,,,Q8.13/R_6E6PxT3N1gr93yh_nuclei.csv
21.2081769884,14.6805315912,13.4034277246,,,Q8.13/R_6E6PxT3N1gr93yh_nuclei.csv
12.41100591,7.690860257,4.837559517,15673052,780.8455584,Q8.13/R_2ydugxPVoGtDEo4_nuclei3.csv
24.22948515,15.72211534,5.936727162,14977036,745.7329248,Q8.13/R_2ydugxPVoGtDEo4_nuclei3.csv
6.108185331,14.98202879,8.366591842,12470369,647.990768,Q8.13/R_2ydugxPVoGtDEo4_nuclei3.csv
18.59451759,23.59530688,12.79363104,18843314,991.5644128,Q8.13/R_2ydugxPVoGtDEo4_nuclei3.csv
24.56987033,9.011233516,12.42183907,13685245,719.1262944,Q8.13/R_2ydugxPVoGtDEo4_nuclei3.csv
18.51,23.41,11.72,11566700,458.53,Q8.13/R_1ePOgKBqC8pSpzT_nuclei3.csv
24.1,15.6,6.39,9179080,374.25,Q8.13/R_1ePOgKBqC8pSpzT_nuclei3.csv
24.42,9.16,11.57,7978550,323.66,Q8.13/R_1ePOgKBqC8pSpzT_nuclei3.csv
6.04,14.87,8.2,7057260,300.99,Q8.13/R_1ePOgKBqC8pSpzT_nuclei3.csv
12.28,7.65,4.66,9502710,384.32,Q8.13/R_1ePOgKBqC8pSpzT_nuclei3.csv
20.5295,14.1534,13.6027,10720300,436.6,Q9.13/R_1M6DoAmYEY3Jrvm_nuclei4.csv
19.0724,13.5221,5.55571,11421200,469.127,Q9.13/R_1M6DoAmYEY3Jrvm_nuclei4.csv
12.1537,18.4092,8.66912,14524400,554.228,Q9.13/R_1M6DoAmYEY3Jrvm_nuclei4.csv
6.54992,15.6435,13.6595,6894500,296.529,Q9.13/R_1M6DoAmYEY3Jrvm_nuclei4.csv
5.98614,9.66413,7.87699,11887900,477.804,Q9.13/R_1M6DoAmYEY3Jrvm_nuclei4.csv
13.4134760954,19.0482329744,5.1446142119,12949959,554.9691393716,Q9.13/R_31bjqd6Mm8wBxN5_nuclei4.csv
9.3066515831,5.8496600028,7.4140541059,13470518,575.2020060463,Q9.13/R_31bjqd6Mm8wBxN5_nuclei4.csv
18.6538002267,12.0201717971,8.4863249944,14912663,579.1320871185,Q9.13/R_31bjqd6Mm8wBxN5_nuclei4.csv
13.9708452395,20.5601922852,13.5062817972,12747917,542.912190185,Q9.13/R_31bjqd6Mm8wBxN5_nuclei4.csv
15.3165894416,6.3764807162,13.8104986605,9069246,414.2280925481,Q9.13/R_31bjqd6Mm8wBxN5_nuclei4.csv
155.0987743,105.9332032,24.85004695,174.2010071,497.7641728,Q9.13/R_0638fJAPpmzLtu1_nuclei4.csv
47.54417539,76.00065445,37.86821008,211.4986343,601.4599168,Q9.13/R_0638fJAPpmzLtu1_nuclei4.csv
85.62668095,132.5893265,50.68972439,478.265278,1366.594278,Q9.13/R_0638fJAPpmzLtu1_nuclei4.csv
163.7027737,113.0527092,67.74891725,189.2928969,533.9531264,Q9.13/R_0638fJAPpmzLtu1_nuclei4.csv
19.286,13.296,5.4,11778240,497.054,Q9.13/R_2c14tLfUPR1Vnua_nuclei4.csv
20.873,14.079,13.8,11693103,489.97,Q9.13/R_2c14tLfUPR1Vnua_nuclei4.csv
5.873,9.279,7.6,12269466,506.659,Q9.13/R_2c14tLfUPR1Vnua_nuclei4.csv
6.258,15.629,14.2,7935361,356.04,Q9.13/R_2c14tLfUPR1Vnua_nuclei4.csv
12.004,18.932,8.6,13100037,491.423,Q9.13/R_2c14tLfUPR1Vnua_nuclei4.csv
97.29,151.21,42.97,,,Q9.13/R_3RxOa8kaiyul4bG_nuclei4.csv
47.28,76.53,37.82,,,Q9.13/R_3RxOa8kaiyul4bG_nuclei4.csv
52.85,125.5,69.68,,,Q9.13/R_3RxOa8kaiyul4bG_nuclei4.csv
153.89,108.86,25.79,,,Q9.13/R_3RxOa8kaiyul4bG_nuclei4.csv
165.2968616,113.8054826,67.87821264,,,Q9.13/R_3RxOa8kaiyul4bG_nuclei4.csv
12.51993425,18.14587634,8.595209503,,,Q9.13/R_1GUZ4XruXifzoPp_nuclei4.csv
6.741044436,15.55686825,13.44129333,,,Q9.13/R_1GUZ4XruXifzoPp_nuclei4.csv
20.27944638,13.91591054,13.32151642,,,Q9.13/R_1GUZ4XruXifzoPp_nuclei4.csv
18.62906097,13.62563063,5.546531677,,,Q9.13/R_1GUZ4XruXifzoPp_nuclei4.csv
5.978049443,9.555788427,7.394584656,,,Q9.13/R_1GUZ4XruXifzoPp_nuclei4.csv
20.9,14.3,14.2,7330000,281,Q9.13/R_tY87q7yGKRqww5X_nuclei4.csv
12,19.3,8.59,8860000,307,Q9.13/R_tY87q7yGKRqww5X_nuclei4.csv
19.4,13.5,5.18,6920000,267,Q9.13/R_tY87q7yGKRqww5X_nuclei4.csv
6.32,16,14.2,4100000,168,Q9.13/R_tY87q7yGKRqww5X_nuclei4.csv
5.79,9.29,7.69,8420000,319,Q9.13/R_tY87q7yGKRqww5X_nuclei4.csv
,,,,,Q9.13/R_tY87q7yGKRqww5X_nuclei4.csv
,,,,,Q9.13/R_tY87q7yGKRqww5X_nuclei4.csv
,,,,,Q9.13/R_tY87q7yGKRqww5X_nuclei4.csv
,,,,,Q9.13/R_tY87q7yGKRqww5X_nuclei4.csv
,,,,,Q9.13/R_tY87q7yGKRqww5X_nuclei4.csv
,,,,,Q9.13/R_tY87q7yGKRqww5X_nuclei4.csv
2.3428655426,1.411873757,1.7974059663,11160512,455.2280064,Q9.13/R_3lAJ9xY4kGlL99f_nuclei4.csv
3.3081626678,4.7817909719,1.2467669784,11486464,483.9626752,Q9.13/R_3lAJ9xY4kGlL99f_nuclei4.csv
4.6768243921,2.988682362,2.0482439213,13460672,509.9419648,Q9.13/R_3lAJ9xY4kGlL99f_nuclei4.csv
3.479983058,5.162832698,3.3549343499,11220096,464.6750208,Q9.13/R_3lAJ9xY4kGlL99f_nuclei4.csv
3.8685033801,1.5645408216,3.3946957878,8440832,378.4710144,Q9.13/R_3lAJ9xY4kGlL99f_nuclei4.csv
19.074,13.335,4.825,34099.61,461.579,Q9.13/R_1lxxm7Riv8MvNVz_nuclei4.csv
5.794,9.274,7.349,33617.46,440.515,Q9.13/R_1lxxm7Riv8MvNVz_nuclei4.csv
12.001,18.787,8.466,36215.23,433.544,Q9.13/R_1lxxm7Riv8MvNVz_nuclei4.csv
20.588,14.009,13.699,33677.44,449.458,Q9.13/R_1lxxm7Riv8MvNVz_nuclei4.csv
6.335,15.361,14.029,23260.04,337.19,Q9.13/R_1lxxm7Riv8MvNVz_nuclei4.csv
5.76088327,9.301795326,7.798263294,5222070,200.4647426,Q9.13/R_2DNRFrAvCDUX1EL_nuclei4.csv
11.82959059,18.83395818,8.753879901,5776423,201.467189,Q9.13/R_2DNRFrAvCDUX1EL_nuclei4.csv
6.3754985,15.47436675,14.02005155,3368467,141.059834,Q9.13/R_2DNRFrAvCDUX1EL_nuclei4.csv
19.10280416,13.35360063,5.231025037,4905464,193.2514208,Q9.13/R_2DNRFrAvCDUX1EL_nuclei4.csv
20.63271599,14.14663291,13.93381213,4869947,187.782417,Q9.13/R_2DNRFrAvCDUX1EL_nuclei4.csv
20.34,14.13,13.33,10326100,400.9,Q9.13/R_3j9w1bGwWGd8yOC_nuclei4.csv
6.72,15.37,13.45,6443490,267.59,Q9.13/R_3j9w1bGwWGd8yOC_nuclei4.csv
6.03,9.66,7.75,10557300,410.82,Q9.13/R_3j9w1bGwWGd8yOC_nuclei4.csv
18.83,13.71,5.44,10346800,414.24,Q9.13/R_3j9w1bGwWGd8yOC_nuclei4.csv
12.04,18.28,8.78,13692600,510.25,Q9.13/R_3j9w1bGwWGd8yOC_nuclei4.csv
17.66142112,11.72962805,6.5112,20966632,1130.048252,Q9.13/R_cHLBH1bftzVtPDH_nuclei4.csv
12.14301629,20.52319681,8.529,17735806,905.4726823,Q9.13/R_cHLBH1bftzVtPDH_nuclei4.csv
6.308410924,8.910813044,7.9258,21394233,1155.474215,Q9.13/R_cHLBH1bftzVtPDH_nuclei4.csv
6.040247128,15.91885167,12.2452,16817208,919.4394881,Q9.13/R_cHLBH1bftzVtPDH_nuclei4.csv
21.25810923,15.16982537,12.1062,22981766,1278.22944,Q9.13/R_cHLBH1bftzVtPDH_nuclei4.csv
5.802785708,9.403607871,7.919269831,17924387,859.9304768,Q9.13/R_eRvCx60GZHVIflf_nuclei4.csv
6.274344661,15.68642375,13.51602873,9748903,475.9886816,Q9.13/R_eRvCx60GZHVIflf_nuclei4.csv
19.10062514,13.33530551,5.402924104,15915715,748.5129056,Q9.13/R_eRvCx60GZHVIflf_nuclei4.csv
12.02225648,18.89968803,8.684658279,19715735,870.4415104,Q9.13/R_eRvCx60GZHVIflf_nuclei4.csv
20.99777807,14.1559658,13.6261393,15900768,771.1925056,Q9.13/R_eRvCx60GZHVIflf_nuclei4.csv
18.6000019079,13.0316903558,5.0133867532,14307383.1833496,362.29248,Q9.13/R_3kpixa7Fm6wlFk2_nuclei4.csv
5.6709974802,9.0531937189,7.4563425727,15931944.6954346,374.88384,Q9.13/R_3kpixa7Fm6wlFk2_nuclei4.csv
11.6545605769,18.1897175216,8.4742289174,17527023.4754334,390.58848,Q9.13/R_3kpixa7Fm6wlFk2_nuclei4.csv
6.2744136461,14.9981250888,13.7397512438,9817605.71136475,243.1296,Q9.13/R_3kpixa7Fm6wlFk2_nuclei4.csv
20.0170313128,13.6129750679,13.5904935208,14774331.3859177,365.6016,Q9.13/R_3kpixa7Fm6wlFk2_nuclei1.csv
22.7742,26.066,9.76324,2341570,233.747,Q9.13/R_24Nwgngl83ucQ8B_nuclei1.csv
13.5853,23.5458,8.85112,1901150,205.266,Q9.13/R_24Nwgngl83ucQ8B_nuclei1.csv
25.0534,8.20812,13.4446,2919300,278.492,Q9.13/R_24Nwgngl83ucQ8B_nuclei1.csv
22.8168,9.06264,4.10517,1082750,117.276,Q9.13/R_24Nwgngl83ucQ8B_nuclei1.csv
5.71924,9.17964,5.55743,2692880,269.752,Q9.13/R_24Nwgngl83ucQ8B_nuclei1.csv
18.76640357,13.59727006,5.038496525,12569953,537.0812,Q9.13/R_3kaX79RV1ul5JuI_nuclei4.csv
6.004836549,9.56468681,7.207577964,10253482,408.7536,Q9.13/R_3kaX79RV1ul5JuI_nuclei4.csv
12.15236306,18.22616732,8.570020764,13943821,531.5012,Q9.13/R_3kaX79RV1ul5JuI_nuclei4.csv
20.37891955,14.11141066,13.68132844,11263557,469.3276,Q9.13/R_3kaX79RV1ul5JuI_nuclei4.csv
6.468983653,15.21284803,13.91181298,8199699.998,368.652,Q9.13/R_3kaX79RV1ul5JuI_nuclei4.csv
21.6496,15.2344,23.1471,8433100,626.938,Q9.13/R_2rCMx6wAGE7bFJh_nuclei4.csv
7.28793,17.7181,31.4745,5220220,419.356,Q9.13/R_2rCMx6wAGE7bFJh_nuclei4.csv
23.343,15.9827,31.3665,7976520,590.929,Q9.13/R_2rCMx6wAGE7bFJh_nuclei4.csv
13.7278,20.9929,26.3312,10662800,708.598,Q9.13/R_2rCMx6wAGE7bFJh_nuclei4.csv
6.6987,10.8005,25.4992,8872170,649.702,Q9.13/R_2rCMx6wAGE7bFJh_nuclei4.csv
,,,,,Q9.13/R_2rCMx6wAGE7bFJh_nuclei4.csv
,,,,,Q9.13/R_2rCMx6wAGE7bFJh_nuclei4.csv
20.7019,14.1335,13.748,9640000,380.307,Q9.13/R_1qdHCwPCdNvs9xi_nuclei4.csv
12.1423,18.696,8.61875,12500000,454.404,Q9.13/R_1qdHCwPCdNvs9xi_nuclei4.csv
19.2019,13.5067,5.48466,10100000,401.63,Q9.13/R_1qdHCwPCdNvs9xi_nuclei4.csv
6.47311,15.7503,13.7758,5970000,248.119,Q9.13/R_1qdHCwPCdNvs9xi_nuclei4.csv
5.87221,9.46783,7.80073,10700000,416.83,Q9.13/R_1qdHCwPCdNvs9xi_nuclei4.csv
23.7032007587,9.4391423665,4.1332462006,,,Q9.13/R_6E6PxT3N1gr93yh_nuclei1.csv
5.884071909,9.5314826572,5.410421161,,,Q9.13/R_6E6PxT3N1gr93yh_nuclei1.csv
14.3559996789,24.59224343,8.7716268753,,,Q9.13/R_6E6PxT3N1gr93yh_nuclei1.csv
23.1369798346,26.9461416132,9.5966662873,,,Q9.13/R_6E6PxT3N1gr93yh_nuclei1.csv
25.9989124225,8.5674577969,13.0922556032,,,Q9.13/R_6E6PxT3N1gr93yh_nuclei1.csv
17.7064390279,17.103368611,4.7348731378,,,Q9.13/R_6E6PxT3N1gr93yh_nuclei2.csv
8.7135535901,13.876909874,6.6411048006,,,Q9.13/R_6E6PxT3N1gr93yh_nuclei2.csv
7.9629579739,4.7373894369,6.8366081126,,,Q9.13/R_6E6PxT3N1gr93yh_nuclei2.csv
23.8098671183,21.1930797417,8.7662990631,,,Q9.13/R_6E6PxT3N1gr93yh_nuclei2.csv
16.1296177021,13.644295903,11.050751997,,,Q9.13/R_6E6PxT3N1gr93yh_nuclei2.csv
12.7739972719,7.9954643045,4.582482406,,,Q9.13/R_6E6PxT3N1gr93yh_nuclei3.csv
24.9371799274,16.1921041172,6.2805584302,,,Q9.13/R_6E6PxT3N1gr93yh_nuclei3.csv
6.2990061759,15.4050100241,8.0737433431,,,Q9.13/R_6E6PxT3N1gr93yh_nuclei3.csv
19.2304766913,24.2257148899,11.5574062749,,,Q9.13/R_6E6PxT3N1gr93yh_nuclei3.csv
25.3006459904,9.5514581905,11.4378962972,,,Q9.13/R_6E6PxT3N1gr93yh_nuclei3.csv
19.7538567636,14.0811156377,5.3909201837,,,Q9.13/R_6E6PxT3N1gr93yh_nuclei4.csv
6.223294881,9.9806587104,7.5827866078,,,Q9.13/R_6E6PxT3N1gr93yh_nuclei4.csv
12.5897093666,18.9671812369,8.5464955469,,,Q9.13/R_6E6PxT3N1gr93yh_nuclei4.csv
6.8735529604,15.9270599101,13.3789578516,,,Q9.13/R_6E6PxT3N1gr93yh_nuclei4.csv
21.2081769884,14.6805315912,13.4034277246,,,Q9.13/R_6E6PxT3N1gr93yh_nuclei4.csv
19.39129352,13.44603515,4.834365178,15011477,717.1581664,Q9.13/R_2ydugxPVoGtDEo4_nuclei4.csv
5.958592998,9.509635296,7.548307052,16388622,771.0940992,Q9.13/R_2ydugxPVoGtDEo4_nuclei4.csv
12.15604982,19.01562212,8.632688143,17136232,717.0167072,Q9.13/R_2ydugxPVoGtDEo4_nuclei4.csv
6.453185065,15.72181629,14.4092931,10814936,547.5270592,Q9.13/R_2ydugxPVoGtDEo4_nuclei4.csv
20.78751997,14.19948553,14.18440501,16439625,803.31912,Q9.13/R_2ydugxPVoGtDEo4_nuclei4.csv
20.51,14.13,13.51,10374200,411.7,Q9.13/R_1ePOgKBqC8pSpzT_nuclei4.csv
18.99,13.58,5.51,10665100,428.54,Q9.13/R_1ePOgKBqC8pSpzT_nuclei4.csv
12.15,18.41,8.71,13826100,515.96,Q9.13/R_1ePOgKBqC8pSpzT_nuclei4.csv
6.59,15.45,13.47,6716420,281.61,Q9.13/R_1ePOgKBqC8pSpzT_nuclei4.csv
5.96,9.58,7.75,10873900,427.14,Q9.13/R_1ePOgKBqC8pSpzT_nuclei4.csv
